ID Age Range,Age Range,ID Sex,Sex,ID Year,Year,Population
1,0 a 4,1,Femenino,2005,2005,607264.0
1,0 a 4,1,Femenino,2006,2006,608314.0
1,0 a 4,1,Femenino,2007,2007,609364.0
1,0 a 4,1,Femenino,2008,2008,610414.0
1,0 a 4,1,Femenino,2009,2009,611465.0
1,0 a 4,1,Femenino,2010,2010,612515.0
1,0 a 4,1,Femenino,2011,2011,613598.0
1,0 a 4,1,Femenino,2012,2012,614681.0
1,0 a 4,1,Femenino,2013,2013,615764.0
1,0 a 4,1,Femenino,2014,2014,616848.0
1,0 a 4,1,Femenino,2015,2015,617931.0
1,0 a 4,1,Femenino,2016,2016,616534.0
1,0 a 4,1,Femenino,2017,2017,615138.0
1,0 a 4,1,Femenino,2018,2018,613741.0
1,0 a 4,1,Femenino,2019,2019,612345.0
1,0 a 4,1,Femenino,2020,2020,610948.0
1,0 a 4,2,Masculino,2005,2005,630199.0
1,0 a 4,2,Masculino,2006,2006,631321.0
1,0 a 4,2,Masculino,2007,2007,632443.0
1,0 a 4,2,Masculino,2008,2008,633566.0
1,0 a 4,2,Masculino,2009,2009,634688.0
1,0 a 4,2,Masculino,2010,2010,635810.0
1,0 a 4,2,Masculino,2011,2011,636963.0
1,0 a 4,2,Masculino,2012,2012,638116.0
1,0 a 4,2,Masculino,2013,2013,639270.0
1,0 a 4,2,Masculino,2014,2014,640423.0
1,0 a 4,2,Masculino,2015,2015,641576.0
1,0 a 4,2,Masculino,2016,2016,640150.0
1,0 a 4,2,Masculino,2017,2017,638724.0
1,0 a 4,2,Masculino,2018,2018,637299.0
1,0 a 4,2,Masculino,2019,2019,635873.0
1,0 a 4,2,Masculino,2020,2020,634447.0
2,5 a 9,1,Femenino,2005,2005,652155.0
2,5 a 9,1,Femenino,2006,2006,643213.0
2,5 a 9,1,Femenino,2007,2007,634271.0
2,5 a 9,1,Femenino,2008,2008,625328.0
2,5 a 9,1,Femenino,2009,2009,616386.0
2,5 a 9,1,Femenino,2010,2010,607444.0
2,5 a 9,1,Femenino,2011,2011,608448.0
2,5 a 9,1,Femenino,2012,2012,609453.0
2,5 a 9,1,Femenino,2013,2013,610458.0
2,5 a 9,1,Femenino,2014,2014,611463.0
2,5 a 9,1,Femenino,2015,2015,612468.0
2,5 a 9,1,Femenino,2016,2016,613494.0
2,5 a 9,1,Femenino,2017,2017,614521.0
2,5 a 9,1,Femenino,2018,2018,615548.0
2,5 a 9,1,Femenino,2019,2019,616574.0
2,5 a 9,1,Femenino,2020,2020,617601.0
2,5 a 9,2,Masculino,2005,2005,675971.0
2,5 a 9,2,Masculino,2006,2006,666787.0
2,5 a 9,2,Masculino,2007,2007,657604.0
2,5 a 9,2,Masculino,2008,2008,648420.0
2,5 a 9,2,Masculino,2009,2009,639236.0
2,5 a 9,2,Masculino,2010,2010,630053.0
2,5 a 9,2,Masculino,2011,2011,631131.0
2,5 a 9,2,Masculino,2012,2012,632209.0
2,5 a 9,2,Masculino,2013,2013,633287.0
2,5 a 9,2,Masculino,2014,2014,634365.0
2,5 a 9,2,Masculino,2015,2015,635444.0
2,5 a 9,2,Masculino,2016,2016,636552.0
2,5 a 9,2,Masculino,2017,2017,637660.0
2,5 a 9,2,Masculino,2018,2018,638768.0
2,5 a 9,2,Masculino,2019,2019,639876.0
2,5 a 9,2,Masculino,2020,2020,640984.0
3,10 a 14,1,Femenino,2005,2005,731237.0
3,10 a 14,1,Femenino,2006,2006,715533.0
3,10 a 14,1,Femenino,2007,2007,699830.0
3,10 a 14,1,Femenino,2008,2008,684127.0
3,10 a 14,1,Femenino,2009,2009,668424.0
3,10 a 14,1,Femenino,2010,2010,652720.0
3,10 a 14,1,Femenino,2011,2011,643735.0
3,10 a 14,1,Femenino,2012,2012,634750.0
3,10 a 14,1,Femenino,2013,2013,625765.0
3,10 a 14,1,Femenino,2014,2014,616779.0
3,10 a 14,1,Femenino,2015,2015,607794.0
3,10 a 14,1,Femenino,2016,2016,608726.0
3,10 a 14,1,Femenino,2017,2017,609657.0
3,10 a 14,1,Femenino,2018,2018,610588.0
3,10 a 14,1,Femenino,2019,2019,611520.0
3,10 a 14,1,Femenino,2020,2020,612451.0
3,10 a 14,2,Masculino,2005,2005,757261.0
3,10 a 14,2,Masculino,2006,2006,741051.0
3,10 a 14,2,Masculino,2007,2007,724842.0
3,10 a 14,2,Masculino,2008,2008,708633.0
3,10 a 14,2,Masculino,2009,2009,692423.0
3,10 a 14,2,Masculino,2010,2010,676215.0
3,10 a 14,2,Masculino,2011,2011,666971.0
3,10 a 14,2,Masculino,2012,2012,657727.0
3,10 a 14,2,Masculino,2013,2013,648484.0
3,10 a 14,2,Masculino,2014,2014,639241.0
3,10 a 14,2,Masculino,2015,2015,629997.0
3,10 a 14,2,Masculino,2016,2016,631023.0
3,10 a 14,2,Masculino,2017,2017,632049.0
3,10 a 14,2,Masculino,2018,2018,633075.0
3,10 a 14,2,Masculino,2019,2019,634101.0
3,10 a 14,2,Masculino,2020,2020,635127.0
4,15 a 19,1,Femenino,2005,2005,719637.0
4,15 a 19,1,Femenino,2006,2006,722048.0
4,15 a 19,1,Femenino,2007,2007,724459.0
4,15 a 19,1,Femenino,2008,2008,726869.0
4,15 a 19,1,Femenino,2009,2009,729280.0
4,15 a 19,1,Femenino,2010,2010,731691.0
4,15 a 19,1,Femenino,2011,2011,715935.0
4,15 a 19,1,Femenino,2012,2012,700180.0
4,15 a 19,1,Femenino,2013,2013,684424.0
4,15 a 19,1,Femenino,2014,2014,668669.0
4,15 a 19,1,Femenino,2015,2015,652913.0
4,15 a 19,1,Femenino,2016,2016,643867.0
4,15 a 19,1,Femenino,2017,2017,634822.0
4,15 a 19,1,Femenino,2018,2018,625776.0
4,15 a 19,1,Femenino,2019,2019,616730.0
4,15 a 19,1,Femenino,2020,2020,607684.0
4,15 a 19,2,Masculino,2005,2005,743521.0
4,15 a 19,2,Masculino,2006,2006,746142.0
4,15 a 19,2,Masculino,2007,2007,748763.0
4,15 a 19,2,Masculino,2008,2008,751384.0
4,15 a 19,2,Masculino,2009,2009,754005.0
4,15 a 19,2,Masculino,2010,2010,756626.0
4,15 a 19,2,Masculino,2011,2011,740404.0
4,15 a 19,2,Masculino,2012,2012,724181.0
4,15 a 19,2,Masculino,2013,2013,707959.0
4,15 a 19,2,Masculino,2014,2014,691737.0
4,15 a 19,2,Masculino,2015,2015,675514.0
4,15 a 19,2,Masculino,2016,2016,666244.0
4,15 a 19,2,Masculino,2017,2017,656974.0
4,15 a 19,2,Masculino,2018,2018,647703.0
4,15 a 19,2,Masculino,2019,2019,638433.0
4,15 a 19,2,Masculino,2020,2020,629163.0
5,20 a 24,1,Femenino,2005,2005,651942.0
5,20 a 24,1,Femenino,2006,2006,665677.0
5,20 a 24,1,Femenino,2007,2007,679411.0
5,20 a 24,1,Femenino,2008,2008,693146.0
5,20 a 24,1,Femenino,2009,2009,706881.0
5,20 a 24,1,Femenino,2010,2010,720615.0
5,20 a 24,1,Femenino,2011,2011,722920.0
5,20 a 24,1,Femenino,2012,2012,725225.0
5,20 a 24,1,Femenino,2013,2013,727530.0
5,20 a 24,1,Femenino,2014,2014,729835.0
5,20 a 24,1,Femenino,2015,2015,732140.0
5,20 a 24,1,Femenino,2016,2016,716280.0
5,20 a 24,1,Femenino,2017,2017,700421.0
5,20 a 24,1,Femenino,2018,2018,684562.0
5,20 a 24,1,Femenino,2019,2019,668702.0
5,20 a 24,1,Femenino,2020,2020,652843.0
5,20 a 24,2,Masculino,2005,2005,670186.0
5,20 a 24,2,Masculino,2006,2006,684494.0
5,20 a 24,2,Masculino,2007,2007,698803.0
5,20 a 24,2,Masculino,2008,2008,713111.0
5,20 a 24,2,Masculino,2009,2009,727419.0
5,20 a 24,2,Masculino,2010,2010,741731.0
5,20 a 24,2,Masculino,2011,2011,744305.0
5,20 a 24,2,Masculino,2012,2012,746882.0
5,20 a 24,2,Masculino,2013,2013,749460.0
5,20 a 24,2,Masculino,2014,2014,752038.0
5,20 a 24,2,Masculino,2015,2015,754615.0
5,20 a 24,2,Masculino,2016,2016,738408.0
5,20 a 24,2,Masculino,2017,2017,722202.0
5,20 a 24,2,Masculino,2018,2018,705995.0
5,20 a 24,2,Masculino,2019,2019,689789.0
5,20 a 24,2,Masculino,2020,2020,673582.0
6,25 a 29,1,Femenino,2005,2005,580621.0
6,25 a 29,1,Femenino,2006,2006,595086.0
6,25 a 29,1,Femenino,2007,2007,609552.0
6,25 a 29,1,Femenino,2008,2008,624018.0
6,25 a 29,1,Femenino,2009,2009,638483.0
6,25 a 29,1,Femenino,2010,2010,652949.0
6,25 a 29,1,Femenino,2011,2011,666540.0
6,25 a 29,1,Femenino,2012,2012,680131.0
6,25 a 29,1,Femenino,2013,2013,693723.0
6,25 a 29,1,Femenino,2014,2014,707314.0
6,25 a 29,1,Femenino,2015,2015,720905.0
6,25 a 29,1,Femenino,2016,2016,723076.0
6,25 a 29,1,Femenino,2017,2017,725248.0
6,25 a 29,1,Femenino,2018,2018,727419.0
6,25 a 29,1,Femenino,2019,2019,729591.0
6,25 a 29,1,Femenino,2020,2020,731762.0
6,25 a 29,2,Masculino,2005,2005,590486.0
6,25 a 29,2,Masculino,2006,2006,605947.0
6,25 a 29,2,Masculino,2007,2007,621408.0
6,25 a 29,2,Masculino,2008,2008,636870.0
6,25 a 29,2,Masculino,2009,2009,652331.0
6,25 a 29,2,Masculino,2010,2010,667792.0
6,25 a 29,2,Masculino,2011,2011,681979.0
6,25 a 29,2,Masculino,2012,2012,696167.0
6,25 a 29,2,Masculino,2013,2013,710354.0
6,25 a 29,2,Masculino,2014,2014,724542.0
6,25 a 29,2,Masculino,2015,2015,738730.0
6,25 a 29,2,Masculino,2016,2016,741267.0
6,25 a 29,2,Masculino,2017,2017,743805.0
6,25 a 29,2,Masculino,2018,2018,746342.0
6,25 a 29,2,Masculino,2019,2019,748880.0
6,25 a 29,2,Masculino,2020,2020,751417.0
7,30 a 34,1,Femenino,2005,2005,618176.0
7,30 a 34,1,Femenino,2006,2006,610827.0
7,30 a 34,1,Femenino,2007,2007,603478.0
7,30 a 34,1,Femenino,2008,2008,596129.0
7,30 a 34,1,Femenino,2009,2009,588780.0
7,30 a 34,1,Femenino,2010,2010,581432.0
7,30 a 34,1,Femenino,2011,2011,595746.0
7,30 a 34,1,Femenino,2012,2012,610061.0
7,30 a 34,1,Femenino,2013,2013,624375.0
7,30 a 34,1,Femenino,2014,2014,638690.0
7,30 a 34,1,Femenino,2015,2015,653004.0
7,30 a 34,1,Femenino,2016,2016,666449.0
7,30 a 34,1,Femenino,2017,2017,679894.0
7,30 a 34,1,Femenino,2018,2018,693338.0
7,30 a 34,1,Femenino,2019,2019,706783.0
7,30 a 34,1,Femenino,2020,2020,720228.0
7,30 a 34,2,Masculino,2005,2005,621698.0
7,30 a 34,2,Masculino,2006,2006,614983.0
7,30 a 34,2,Masculino,2007,2007,608268.0
7,30 a 34,2,Masculino,2008,2008,601553.0
7,30 a 34,2,Masculino,2009,2009,594839.0
7,30 a 34,2,Masculino,2010,2010,588124.0
7,30 a 34,2,Masculino,2011,2011,603435.0
7,30 a 34,2,Masculino,2012,2012,618745.0
7,30 a 34,2,Masculino,2013,2013,634056.0
7,30 a 34,2,Masculino,2014,2014,649367.0
7,30 a 34,2,Masculino,2015,2015,664678.0
7,30 a 34,2,Masculino,2016,2016,678740.0
7,30 a 34,2,Masculino,2017,2017,692802.0
7,30 a 34,2,Masculino,2018,2018,706864.0
7,30 a 34,2,Masculino,2019,2019,720926.0
7,30 a 34,2,Masculino,2020,2020,734988.0
8,35 a 39,1,Femenino,2005,2005,620390.0
8,35 a 39,1,Femenino,2006,2006,619917.0
8,35 a 39,1,Femenino,2007,2007,619445.0
8,35 a 39,1,Femenino,2008,2008,618972.0
8,35 a 39,1,Femenino,2009,2009,618500.0
8,35 a 39,1,Femenino,2010,2010,618028.0
8,35 a 39,1,Femenino,2011,2011,610623.0
8,35 a 39,1,Femenino,2012,2012,603218.0
8,35 a 39,1,Femenino,2013,2013,595813.0
8,35 a 39,1,Femenino,2014,2014,588408.0
8,35 a 39,1,Femenino,2015,2015,581004.0
8,35 a 39,1,Femenino,2016,2016,595180.0
8,35 a 39,1,Femenino,2017,2017,609357.0
8,35 a 39,1,Femenino,2018,2018,623533.0
8,35 a 39,1,Femenino,2019,2019,637710.0
8,35 a 39,1,Femenino,2020,2020,651887.0
8,35 a 39,2,Masculino,2005,2005,618613.0
8,35 a 39,2,Masculino,2006,2006,618523.0
8,35 a 39,2,Masculino,2007,2007,618433.0
8,35 a 39,2,Masculino,2008,2008,618343.0
8,35 a 39,2,Masculino,2009,2009,618253.0
8,35 a 39,2,Masculino,2010,2010,618163.0
8,35 a 39,2,Masculino,2011,2011,611452.0
8,35 a 39,2,Masculino,2012,2012,604740.0
8,35 a 39,2,Masculino,2013,2013,598029.0
8,35 a 39,2,Masculino,2014,2014,591318.0
8,35 a 39,2,Masculino,2015,2015,584607.0
8,35 a 39,2,Masculino,2016,2016,599767.0
8,35 a 39,2,Masculino,2017,2017,614926.0
8,35 a 39,2,Masculino,2018,2018,630086.0
8,35 a 39,2,Masculino,2019,2019,645246.0
8,35 a 39,2,Masculino,2020,2020,660406.0
9,40 a 44,1,Femenino,2005,2005,634370.0
9,40 a 44,1,Femenino,2006,2006,631256.0
9,40 a 44,1,Femenino,2007,2007,628142.0
9,40 a 44,1,Femenino,2008,2008,625027.0
9,40 a 44,1,Femenino,2009,2009,621913.0
9,40 a 44,1,Femenino,2010,2010,618799.0
9,40 a 44,1,Femenino,2011,2011,618286.0
9,40 a 44,1,Femenino,2012,2012,617772.0
9,40 a 44,1,Femenino,2013,2013,617259.0
9,40 a 44,1,Femenino,2014,2014,616746.0
9,40 a 44,1,Femenino,2015,2015,616233.0
9,40 a 44,1,Femenino,2016,2016,608801.0
9,40 a 44,1,Femenino,2017,2017,601368.0
9,40 a 44,1,Femenino,2018,2018,593936.0
9,40 a 44,1,Femenino,2019,2019,586504.0
9,40 a 44,1,Femenino,2020,2020,579071.0
9,40 a 44,2,Masculino,2005,2005,627266.0
9,40 a 44,2,Masculino,2006,2006,624448.0
9,40 a 44,2,Masculino,2007,2007,621630.0
9,40 a 44,2,Masculino,2008,2008,618812.0
9,40 a 44,2,Masculino,2009,2009,615994.0
9,40 a 44,2,Masculino,2010,2010,613175.0
9,40 a 44,2,Masculino,2011,2011,613083.0
9,40 a 44,2,Masculino,2012,2012,612990.0
9,40 a 44,2,Masculino,2013,2013,612898.0
9,40 a 44,2,Masculino,2014,2014,612806.0
9,40 a 44,2,Masculino,2015,2015,612713.0
9,40 a 44,2,Masculino,2016,2016,606052.0
9,40 a 44,2,Masculino,2017,2017,599390.0
9,40 a 44,2,Masculino,2018,2018,592729.0
9,40 a 44,2,Masculino,2019,2019,586068.0
9,40 a 44,2,Masculino,2020,2020,579406.0
10,45 a 49,1,Femenino,2005,2005,550772.0
10,45 a 49,1,Femenino,2006,2006,566733.0
10,45 a 49,1,Femenino,2007,2007,582693.0
10,45 a 49,1,Femenino,2008,2008,598654.0
10,45 a 49,1,Femenino,2009,2009,614615.0
10,45 a 49,1,Femenino,2010,2010,630576.0
10,45 a 49,1,Femenino,2011,2011,627484.0
10,45 a 49,1,Femenino,2012,2012,624392.0
10,45 a 49,1,Femenino,2013,2013,621300.0
10,45 a 49,1,Femenino,2014,2014,618209.0
10,45 a 49,1,Femenino,2015,2015,615117.0
10,45 a 49,1,Femenino,2016,2016,614599.0
10,45 a 49,1,Femenino,2017,2017,614081.0
10,45 a 49,1,Femenino,2018,2018,613563.0
10,45 a 49,1,Femenino,2019,2019,613045.0
10,45 a 49,1,Femenino,2020,2020,612527.0
10,45 a 49,2,Masculino,2005,2005,539610.0
10,45 a 49,2,Masculino,2006,2006,555405.0
10,45 a 49,2,Masculino,2007,2007,571201.0
10,45 a 49,2,Masculino,2008,2008,586996.0
10,45 a 49,2,Masculino,2009,2009,602792.0
10,45 a 49,2,Masculino,2010,2010,618588.0
10,45 a 49,2,Masculino,2011,2011,615847.0
10,45 a 49,2,Masculino,2012,2012,613106.0
10,45 a 49,2,Masculino,2013,2013,610366.0
10,45 a 49,2,Masculino,2014,2014,607625.0
10,45 a 49,2,Masculino,2015,2015,604884.0
10,45 a 49,2,Masculino,2016,2016,604814.0
10,45 a 49,2,Masculino,2017,2017,604744.0
10,45 a 49,2,Masculino,2018,2018,604674.0
10,45 a 49,2,Masculino,2019,2019,604603.0
10,45 a 49,2,Masculino,2020,2020,604533.0
11,50 a 54,1,Femenino,2005,2005,436835.0
11,50 a 54,1,Femenino,2006,2006,458440.0
11,50 a 54,1,Femenino,2007,2007,480046.0
11,50 a 54,1,Femenino,2008,2008,501652.0
11,50 a 54,1,Femenino,2009,2009,523257.0
11,50 a 54,1,Femenino,2010,2010,544863.0
11,50 a 54,1,Femenino,2011,2011,560691.0
11,50 a 54,1,Femenino,2012,2012,576520.0
11,50 a 54,1,Femenino,2013,2013,592349.0
11,50 a 54,1,Femenino,2014,2014,608178.0
11,50 a 54,1,Femenino,2015,2015,624007.0
11,50 a 54,1,Femenino,2016,2016,620987.0
11,50 a 54,1,Femenino,2017,2017,617967.0
11,50 a 54,1,Femenino,2018,2018,614948.0
11,50 a 54,1,Femenino,2019,2019,611928.0
11,50 a 54,1,Femenino,2020,2020,608908.0
11,50 a 54,2,Masculino,2005,2005,420961.0
11,50 a 54,2,Masculino,2006,2006,442330.0
11,50 a 54,2,Masculino,2007,2007,463699.0
11,50 a 54,2,Masculino,2008,2008,485067.0
11,50 a 54,2,Masculino,2009,2009,506436.0
11,50 a 54,2,Masculino,2010,2010,527804.0
11,50 a 54,2,Masculino,2011,2011,543309.0
11,50 a 54,2,Masculino,2012,2012,558815.0
11,50 a 54,2,Masculino,2013,2013,574320.0
11,50 a 54,2,Masculino,2014,2014,589825.0
11,50 a 54,2,Masculino,2015,2015,605330.0
11,50 a 54,2,Masculino,2016,2016,602718.0
11,50 a 54,2,Masculino,2017,2017,600106.0
11,50 a 54,2,Masculino,2018,2018,597493.0
11,50 a 54,2,Masculino,2019,2019,594881.0
11,50 a 54,2,Masculino,2020,2020,592269.0
12,55 a 59,1,Femenino,2005,2005,362020.0
12,55 a 59,1,Femenino,2006,2006,375394.0
12,55 a 59,1,Femenino,2007,2007,388768.0
12,55 a 59,1,Femenino,2008,2008,402142.0
12,55 a 59,1,Femenino,2009,2009,415517.0
12,55 a 59,1,Femenino,2010,2010,428891.0
12,55 a 59,1,Femenino,2011,2011,450182.0
12,55 a 59,1,Femenino,2012,2012,471472.0
12,55 a 59,1,Femenino,2013,2013,492763.0
12,55 a 59,1,Femenino,2014,2014,514054.0
12,55 a 59,1,Femenino,2015,2015,535344.0
12,55 a 59,1,Femenino,2016,2016,551003.0
12,55 a 59,1,Femenino,2017,2017,566661.0
12,55 a 59,1,Femenino,2018,2018,582319.0
12,55 a 59,1,Femenino,2019,2019,597978.0
12,55 a 59,1,Femenino,2020,2020,613636.0
12,55 a 59,2,Masculino,2005,2005,338904.0
12,55 a 59,2,Masculino,2006,2006,352370.0
12,55 a 59,2,Masculino,2007,2007,365837.0
12,55 a 59,2,Masculino,2008,2008,379303.0
12,55 a 59,2,Masculino,2009,2009,392769.0
12,55 a 59,2,Masculino,2010,2010,406235.0
12,55 a 59,2,Masculino,2011,2011,426969.0
12,55 a 59,2,Masculino,2012,2012,447703.0
12,55 a 59,2,Masculino,2013,2013,468437.0
12,55 a 59,2,Masculino,2014,2014,489172.0
12,55 a 59,2,Masculino,2015,2015,509906.0
12,55 a 59,2,Masculino,2016,2016,525024.0
12,55 a 59,2,Masculino,2017,2017,540143.0
12,55 a 59,2,Masculino,2018,2018,555261.0
12,55 a 59,2,Masculino,2019,2019,570380.0
12,55 a 59,2,Masculino,2020,2020,585498.0
13,60 a 64,1,Femenino,2005,2005,304222.0
13,60 a 64,1,Femenino,2006,2006,313641.0
13,60 a 64,1,Femenino,2007,2007,323060.0
13,60 a 64,1,Femenino,2008,2008,332479.0
13,60 a 64,1,Femenino,2009,2009,341898.0
13,60 a 64,1,Femenino,2010,2010,351316.0
13,60 a 64,1,Femenino,2011,2011,364438.0
13,60 a 64,1,Femenino,2012,2012,377560.0
13,60 a 64,1,Femenino,2013,2013,390681.0
13,60 a 64,1,Femenino,2014,2014,403803.0
13,60 a 64,1,Femenino,2015,2015,416925.0
13,60 a 64,1,Femenino,2016,2016,437764.0
13,60 a 64,1,Femenino,2017,2017,458604.0
13,60 a 64,1,Femenino,2018,2018,479444.0
13,60 a 64,1,Femenino,2019,2019,500284.0
13,60 a 64,1,Femenino,2020,2020,521124.0
13,60 a 64,2,Masculino,2005,2005,272780.0
13,60 a 64,2,Masculino,2006,2006,282296.0
13,60 a 64,2,Masculino,2007,2007,291812.0
13,60 a 64,2,Masculino,2008,2008,301328.0
13,60 a 64,2,Masculino,2009,2009,310845.0
13,60 a 64,2,Masculino,2010,2010,320361.0
13,60 a 64,2,Masculino,2011,2011,333262.0
13,60 a 64,2,Masculino,2012,2012,346164.0
13,60 a 64,2,Masculino,2013,2013,359065.0
13,60 a 64,2,Masculino,2014,2014,371967.0
13,60 a 64,2,Masculino,2015,2015,384868.0
13,60 a 64,2,Masculino,2016,2016,404704.0
13,60 a 64,2,Masculino,2017,2017,424539.0
13,60 a 64,2,Masculino,2018,2018,444375.0
13,60 a 64,2,Masculino,2019,2019,464211.0
13,60 a 64,2,Masculino,2020,2020,484046.0
14,65 a 69,1,Femenino,2005,2005,234272.0
14,65 a 69,1,Femenino,2006,2006,245331.0
14,65 a 69,1,Femenino,2007,2007,256390.0
14,65 a 69,1,Femenino,2008,2008,267449.0
14,65 a 69,1,Femenino,2009,2009,278508.0
14,65 a 69,1,Femenino,2010,2010,289567.0
14,65 a 69,1,Femenino,2011,2011,298747.0
14,65 a 69,1,Femenino,2012,2012,307927.0
14,65 a 69,1,Femenino,2013,2013,317107.0
14,65 a 69,1,Femenino,2014,2014,326287.0
14,65 a 69,1,Femenino,2015,2015,335468.0
14,65 a 69,1,Femenino,2016,2016,348224.0
14,65 a 69,1,Femenino,2017,2017,360980.0
14,65 a 69,1,Femenino,2018,2018,373737.0
14,65 a 69,1,Femenino,2019,2019,386493.0
14,65 a 69,1,Femenino,2020,2020,399249.0
14,65 a 69,2,Masculino,2005,2005,198612.0
14,65 a 69,2,Masculino,2006,2006,208832.0
14,65 a 69,2,Masculino,2007,2007,219052.0
14,65 a 69,2,Masculino,2008,2008,229272.0
14,65 a 69,2,Masculino,2009,2009,239492.0
14,65 a 69,2,Masculino,2010,2010,249712.0
14,65 a 69,2,Masculino,2011,2011,258644.0
14,65 a 69,2,Masculino,2012,2012,267577.0
14,65 a 69,2,Masculino,2013,2013,276510.0
14,65 a 69,2,Masculino,2014,2014,285443.0
14,65 a 69,2,Masculino,2015,2015,294376.0
14,65 a 69,2,Masculino,2016,2016,306460.0
14,65 a 69,2,Masculino,2017,2017,318545.0
14,65 a 69,2,Masculino,2018,2018,330629.0
14,65 a 69,2,Masculino,2019,2019,342713.0
14,65 a 69,2,Masculino,2020,2020,354798.0
15,70 a 74,1,Femenino,2005,2005,196681.0
15,70 a 74,1,Femenino,2006,2006,200589.0
15,70 a 74,1,Femenino,2007,2007,204496.0
15,70 a 74,1,Femenino,2008,2008,208403.0
15,70 a 74,1,Femenino,2009,2009,212311.0
15,70 a 74,1,Femenino,2010,2010,216218.0
15,70 a 74,1,Femenino,2011,2011,226711.0
15,70 a 74,1,Femenino,2012,2012,237204.0
15,70 a 74,1,Femenino,2013,2013,247698.0
15,70 a 74,1,Femenino,2014,2014,258191.0
15,70 a 74,1,Femenino,2015,2015,268684.0
15,70 a 74,1,Femenino,2016,2016,277502.0
15,70 a 74,1,Femenino,2017,2017,286319.0
15,70 a 74,1,Femenino,2018,2018,295137.0
15,70 a 74,1,Femenino,2019,2019,303955.0
15,70 a 74,1,Femenino,2020,2020,312773.0
15,70 a 74,2,Masculino,2005,2005,151602.0
15,70 a 74,2,Masculino,2006,2006,155902.0
15,70 a 74,2,Masculino,2007,2007,160202.0
15,70 a 74,2,Masculino,2008,2008,164501.0
15,70 a 74,2,Masculino,2009,2009,168801.0
15,70 a 74,2,Masculino,2010,2010,173101.0
15,70 a 74,2,Masculino,2011,2011,182263.0
15,70 a 74,2,Masculino,2012,2012,191424.0
15,70 a 74,2,Masculino,2013,2013,200585.0
15,70 a 74,2,Masculino,2014,2014,209746.0
15,70 a 74,2,Masculino,2015,2015,218907.0
15,70 a 74,2,Masculino,2016,2016,227003.0
15,70 a 74,2,Masculino,2017,2017,235098.0
15,70 a 74,2,Masculino,2018,2018,243194.0
15,70 a 74,2,Masculino,2019,2019,251290.0
15,70 a 74,2,Masculino,2020,2020,259385.0
16,75 a 79,1,Femenino,2005,2005,151327.0
16,75 a 79,1,Femenino,2006,2006,155584.0
16,75 a 79,1,Femenino,2007,2007,159840.0
16,75 a 79,1,Femenino,2008,2008,164097.0
16,75 a 79,1,Femenino,2009,2009,168354.0
16,75 a 79,1,Femenino,2010,2010,172610.0
16,75 a 79,1,Femenino,2011,2011,176373.0
16,75 a 79,1,Femenino,2012,2012,180136.0
16,75 a 79,1,Femenino,2013,2013,183899.0
16,75 a 79,1,Femenino,2014,2014,187662.0
16,75 a 79,1,Femenino,2015,2015,191425.0
16,75 a 79,1,Femenino,2016,2016,201080.0
16,75 a 79,1,Femenino,2017,2017,210736.0
16,75 a 79,1,Femenino,2018,2018,220392.0
16,75 a 79,1,Femenino,2019,2019,230048.0
16,75 a 79,1,Femenino,2020,2020,239703.0
16,75 a 79,2,Masculino,2005,2005,105023.0
16,75 a 79,2,Masculino,2006,2006,108526.0
16,75 a 79,2,Masculino,2007,2007,112029.0
16,75 a 79,2,Masculino,2008,2008,115532.0
16,75 a 79,2,Masculino,2009,2009,119035.0
16,75 a 79,2,Masculino,2010,2010,122538.0
16,75 a 79,2,Masculino,2011,2011,126264.0
16,75 a 79,2,Masculino,2012,2012,129989.0
16,75 a 79,2,Masculino,2013,2013,133715.0
16,75 a 79,2,Masculino,2014,2014,137440.0
16,75 a 79,2,Masculino,2015,2015,141166.0
16,75 a 79,2,Masculino,2016,2016,148905.0
16,75 a 79,2,Masculino,2017,2017,156645.0
16,75 a 79,2,Masculino,2018,2018,164384.0
16,75 a 79,2,Masculino,2019,2019,172124.0
16,75 a 79,2,Masculino,2020,2020,179863.0
17,80 y más,1,Femenino,2005,2005,162793.0
17,80 y más,1,Femenino,2006,2006,170777.0
17,80 y más,1,Femenino,2007,2007,178761.0
17,80 y más,1,Femenino,2008,2008,186745.0
17,80 y más,1,Femenino,2009,2009,194730.0
17,80 y más,1,Femenino,2010,2010,202714.0
17,80 y más,1,Femenino,2011,2011,211089.0
17,80 y más,1,Femenino,2012,2012,219465.0
17,80 y más,1,Femenino,2013,2013,227840.0
17,80 y más,1,Femenino,2014,2014,236216.0
17,80 y más,1,Femenino,2015,2015,244591.0
17,80 y más,1,Femenino,2016,2016,252993.0
17,80 y más,1,Femenino,2017,2017,261395.0
17,80 y más,1,Femenino,2018,2018,269797.0
17,80 y más,1,Femenino,2019,2019,278198.0
17,80 y más,1,Femenino,2020,2020,286600.0
17,80 y más,2,Masculino,2005,2005,89871.0
17,80 y más,2,Masculino,2006,2006,94957.0
17,80 y más,2,Masculino,2007,2007,100042.0
17,80 y más,2,Masculino,2008,2008,105128.0
17,80 y más,2,Masculino,2009,2009,110213.0
17,80 y más,2,Masculino,2010,2010,115299.0
17,80 y más,2,Masculino,2011,2011,120623.0
17,80 y más,2,Masculino,2012,2012,125948.0
17,80 y más,2,Masculino,2013,2013,131272.0
17,80 y más,2,Masculino,2014,2014,136597.0
17,80 y más,2,Masculino,2015,2015,141921.0
17,80 y más,2,Masculino,2016,2016,147574.0
17,80 y más,2,Masculino,2017,2017,153228.0
17,80 y más,2,Masculino,2018,2018,158881.0
17,80 y más,2,Masculino,2019,2019,164534.0
17,80 y más,2,Masculino,2020,2020,170188.0
